<profile version="1.0">
  <option name="myName" value="seesh" />
  <inspection_tool class="AndroidLintTypos" enabled="false" level="WARNING" enabled_by_default="false" />
  <inspection_tool class="DuplicatedCode" enabled="true" level="WEAK WARNING" enabled_by_default="true">
    <Languages>
      <language minSize="46" name="Java" />
    </Languages>
  </inspection_tool>
  <inspection_tool class="LanguageDetectionInspection" enabled="false" level="WARNING" enabled_by_default="false" />
  <inspection_tool class="SpellCheckingInspection" enabled="false" level="TYPO" enabled_by_default="false">
    <option name="processCode" value="true" />
    <option name="processLiterals" value="true" />
    <option name="processComments" value="true" />
  </inspection_tool>
</profile>